INSERT INTO SKILL_MST(SKILL_ID, INDUSTRY_ID, JOBTYPE_ID, SKILL_NM, CREATE_TIME, CREATE_BY, UPDATE_TIME) VALUES(DEFAULT, 12, 147, 'C/C++', NOW(), 'System', NOW());
INSERT INTO SKILL_MST(SKILL_ID, INDUSTRY_ID, JOBTYPE_ID, SKILL_NM, CREATE_TIME, CREATE_BY, UPDATE_TIME) VALUES(DEFAULT, 12, 147, 'VB', NOW(), 'System', NOW());
INSERT INTO SKILL_MST(SKILL_ID, INDUSTRY_ID, JOBTYPE_ID, SKILL_NM, CREATE_TIME, CREATE_BY, UPDATE_TIME) VALUES(DEFAULT, 12, 147, 'Java', NOW(), 'System', NOW());
INSERT INTO SKILL_MST(SKILL_ID, INDUSTRY_ID, JOBTYPE_ID, SKILL_NM, CREATE_TIME, CREATE_BY, UPDATE_TIME) VALUES(DEFAULT, 12, 147, 'COBOL', NOW(), 'System', NOW());
INSERT INTO SKILL_MST(SKILL_ID, INDUSTRY_ID, JOBTYPE_ID, SKILL_NM, CREATE_TIME, CREATE_BY, UPDATE_TIME) VALUES(DEFAULT, 12, 147, 'PL/SQL', NOW(), 'System', NOW());
INSERT INTO SKILL_MST(SKILL_ID, INDUSTRY_ID, JOBTYPE_ID, SKILL_NM, CREATE_TIME, CREATE_BY, UPDATE_TIME) VALUES(DEFAULT, 12, 147, 'Assembler', NOW(), 'System', NOW());
INSERT INTO SKILL_MST(SKILL_ID, INDUSTRY_ID, JOBTYPE_ID, SKILL_NM, CREATE_TIME, CREATE_BY, UPDATE_TIME) VALUES(DEFAULT, 12, 147, 'VC++', NOW(), 'System', NOW());
INSERT INTO SKILL_MST(SKILL_ID, INDUSTRY_ID, JOBTYPE_ID, SKILL_NM, CREATE_TIME, CREATE_BY, UPDATE_TIME) VALUES(DEFAULT, 12, 147, 'VBScript', NOW(), 'System', NOW());
INSERT INTO SKILL_MST(SKILL_ID, INDUSTRY_ID, JOBTYPE_ID, SKILL_NM, CREATE_TIME, CREATE_BY, UPDATE_TIME) VALUES(DEFAULT, 12, 147, 'JSP', NOW(), 'System', NOW());
INSERT INTO SKILL_MST(SKILL_ID, INDUSTRY_ID, JOBTYPE_ID, SKILL_NM, CREATE_TIME, CREATE_BY, UPDATE_TIME) VALUES(DEFAULT, 12, 147, 'Holon', NOW(), 'System', NOW());
INSERT INTO SKILL_MST(SKILL_ID, INDUSTRY_ID, JOBTYPE_ID, SKILL_NM, CREATE_TIME, CREATE_BY, UPDATE_TIME) VALUES(DEFAULT, 12, 147, 'T-SQL', NOW(), 'System', NOW());
INSERT INTO SKILL_MST(SKILL_ID, INDUSTRY_ID, JOBTYPE_ID, SKILL_NM, CREATE_TIME, CREATE_BY, UPDATE_TIME) VALUES(DEFAULT, 12, 147, 'RPG', NOW(), 'System', NOW());
INSERT INTO SKILL_MST(SKILL_ID, INDUSTRY_ID, JOBTYPE_ID, SKILL_NM, CREATE_TIME, CREATE_BY, UPDATE_TIME) VALUES(DEFAULT, 12, 147, 'C#.NET', NOW(), 'System', NOW());
INSERT INTO SKILL_MST(SKILL_ID, INDUSTRY_ID, JOBTYPE_ID, SKILL_NM, CREATE_TIME, CREATE_BY, UPDATE_TIME) VALUES(DEFAULT, 12, 147, 'VB.NET', NOW(), 'System', NOW());
INSERT INTO SKILL_MST(SKILL_ID, INDUSTRY_ID, JOBTYPE_ID, SKILL_NM, CREATE_TIME, CREATE_BY, UPDATE_TIME) VALUES(DEFAULT, 12, 147, 'JavaScript', NOW(), 'System', NOW());
INSERT INTO SKILL_MST(SKILL_ID, INDUSTRY_ID, JOBTYPE_ID, SKILL_NM, CREATE_TIME, CREATE_BY, UPDATE_TIME) VALUES(DEFAULT, 12, 147, 'PHP', NOW(), 'System', NOW());
INSERT INTO SKILL_MST(SKILL_ID, INDUSTRY_ID, JOBTYPE_ID, SKILL_NM, CREATE_TIME, CREATE_BY, UPDATE_TIME) VALUES(DEFAULT, 12, 147, 'PL/I', NOW(), 'System', NOW());
INSERT INTO SKILL_MST(SKILL_ID, INDUSTRY_ID, JOBTYPE_ID, SKILL_NM, CREATE_TIME, CREATE_BY, UPDATE_TIME) VALUES(DEFAULT, 12, 147, 'Perl', NOW(), 'System', NOW());
INSERT INTO SKILL_MST(SKILL_ID, INDUSTRY_ID, JOBTYPE_ID, SKILL_NM, CREATE_TIME, CREATE_BY, UPDATE_TIME) VALUES(DEFAULT, 12, 147, 'Pro*C', NOW(), 'System', NOW());
INSERT INTO SKILL_MST(SKILL_ID, INDUSTRY_ID, JOBTYPE_ID, SKILL_NM, CREATE_TIME, CREATE_BY, UPDATE_TIME) VALUES(DEFAULT, 12, 147, 'ASP/ASPX', NOW(), 'System', NOW());
INSERT INTO SKILL_MST(SKILL_ID, INDUSTRY_ID, JOBTYPE_ID, SKILL_NM, CREATE_TIME, CREATE_BY, UPDATE_TIME) VALUES(DEFAULT, 12, 147, 'JSON', NOW(), 'System', NOW());
INSERT INTO SKILL_MST(SKILL_ID, INDUSTRY_ID, JOBTYPE_ID, SKILL_NM, CREATE_TIME, CREATE_BY, UPDATE_TIME) VALUES(DEFAULT, 12, 147, 'Ruby', NOW(), 'System', NOW());
INSERT INTO SKILL_MST(SKILL_ID, INDUSTRY_ID, JOBTYPE_ID, SKILL_NM, CREATE_TIME, CREATE_BY, UPDATE_TIME) VALUES(DEFAULT, 12, 147, 'Shell', NOW(), 'System', NOW());
INSERT INTO SKILL_MST(SKILL_ID, INDUSTRY_ID, JOBTYPE_ID, SKILL_NM, CREATE_TIME, CREATE_BY, UPDATE_TIME) VALUES(DEFAULT, 12, 147, 'Delphi', NOW(), 'System', NOW());
INSERT INTO SKILL_MST(SKILL_ID, INDUSTRY_ID, JOBTYPE_ID, SKILL_NM, CREATE_TIME, CREATE_BY, UPDATE_TIME) VALUES(DEFAULT, 12, 147, 'Objective-C', NOW(), 'System', NOW());
INSERT INTO SKILL_MST(SKILL_ID, INDUSTRY_ID, JOBTYPE_ID, SKILL_NM, CREATE_TIME, CREATE_BY, UPDATE_TIME) VALUES(DEFAULT, 12, 147, 'HTML5', NOW(), 'System', NOW());
INSERT INTO SKILL_MST(SKILL_ID, INDUSTRY_ID, JOBTYPE_ID, SKILL_NM, CREATE_TIME, CREATE_BY, UPDATE_TIME) VALUES(DEFAULT, 12, 147, 'XML', NOW(), 'System', NOW());
INSERT INTO SKILL_MST(SKILL_ID, INDUSTRY_ID, JOBTYPE_ID, SKILL_NM, CREATE_TIME, CREATE_BY, UPDATE_TIME) VALUES(DEFAULT, 12, 147, 'Python?', NOW(), 'System', NOW());
INSERT INTO SKILL_MST(SKILL_ID, INDUSTRY_ID, JOBTYPE_ID, SKILL_NM, CREATE_TIME, CREATE_BY, UPDATE_TIME) VALUES(DEFAULT, 12, 147, 'JCL', NOW(), 'System', NOW());
INSERT INTO SKILL_MST(SKILL_ID, INDUSTRY_ID, JOBTYPE_ID, SKILL_NM, CREATE_TIME, CREATE_BY, UPDATE_TIME) VALUES(DEFAULT, 12, 147, 'Swift', NOW(), 'System', NOW());
INSERT INTO SKILL_MST(SKILL_ID, INDUSTRY_ID, JOBTYPE_ID, SKILL_NM, CREATE_TIME, CREATE_BY, UPDATE_TIME) VALUES(DEFAULT, 12, 147, 'CSS', NOW(), 'System', NOW());
INSERT INTO SKILL_MST(SKILL_ID, INDUSTRY_ID, JOBTYPE_ID, SKILL_NM, CREATE_TIME, CREATE_BY, UPDATE_TIME) VALUES(DEFAULT, 12, 147, 'VBA', NOW(), 'System', NOW());
INSERT INTO SKILL_MST(SKILL_ID, INDUSTRY_ID, JOBTYPE_ID, SKILL_NM, CREATE_TIME, CREATE_BY, UPDATE_TIME) VALUES(DEFAULT, 12, 147, 'ABAP', NOW(), 'System', NOW());
INSERT INTO SKILL_MST(SKILL_ID, INDUSTRY_ID, JOBTYPE_ID, SKILL_NM, CREATE_TIME, CREATE_BY, UPDATE_TIME) VALUES(DEFAULT, 12, 147, 'jQuery', NOW(), 'System', NOW());
INSERT INTO SKILL_MST(SKILL_ID, INDUSTRY_ID, JOBTYPE_ID, SKILL_NM, CREATE_TIME, CREATE_BY, UPDATE_TIME) VALUES(DEFAULT, 12, 147, 'Oracle', NOW(), 'System', NOW());
INSERT INTO SKILL_MST(SKILL_ID, INDUSTRY_ID, JOBTYPE_ID, SKILL_NM, CREATE_TIME, CREATE_BY, UPDATE_TIME) VALUES(DEFAULT, 12, 147, 'PostgreSQL', NOW(), 'System', NOW());
INSERT INTO SKILL_MST(SKILL_ID, INDUSTRY_ID, JOBTYPE_ID, SKILL_NM, CREATE_TIME, CREATE_BY, UPDATE_TIME) VALUES(DEFAULT, 12, 147, 'SQLServer', NOW(), 'System', NOW());
INSERT INTO SKILL_MST(SKILL_ID, INDUSTRY_ID, JOBTYPE_ID, SKILL_NM, CREATE_TIME, CREATE_BY, UPDATE_TIME) VALUES(DEFAULT, 12, 147, 'MySQL', NOW(), 'System', NOW());
INSERT INTO SKILL_MST(SKILL_ID, INDUSTRY_ID, JOBTYPE_ID, SKILL_NM, CREATE_TIME, CREATE_BY, UPDATE_TIME) VALUES(DEFAULT, 12, 147, 'DB2', NOW(), 'System', NOW());
INSERT INTO SKILL_MST(SKILL_ID, INDUSTRY_ID, JOBTYPE_ID, SKILL_NM, CREATE_TIME, CREATE_BY, UPDATE_TIME) VALUES(DEFAULT, 12, 147, 'Symfoware', NOW(), 'System', NOW());
INSERT INTO SKILL_MST(SKILL_ID, INDUSTRY_ID, JOBTYPE_ID, SKILL_NM, CREATE_TIME, CREATE_BY, UPDATE_TIME) VALUES(DEFAULT, 12, 147, 'Sybase', NOW(), 'System', NOW());
INSERT INTO SKILL_MST(SKILL_ID, INDUSTRY_ID, JOBTYPE_ID, SKILL_NM, CREATE_TIME, CREATE_BY, UPDATE_TIME) VALUES(DEFAULT, 12, 147, 'Informix', NOW(), 'System', NOW());
INSERT INTO SKILL_MST(SKILL_ID, INDUSTRY_ID, JOBTYPE_ID, SKILL_NM, CREATE_TIME, CREATE_BY, UPDATE_TIME) VALUES(DEFAULT, 12, 147, 'HiRDB', NOW(), 'System', NOW());
INSERT INTO SKILL_MST(SKILL_ID, INDUSTRY_ID, JOBTYPE_ID, SKILL_NM, CREATE_TIME, CREATE_BY, UPDATE_TIME) VALUES(DEFAULT, 12, 147, 'Access', NOW(), 'System', NOW());
INSERT INTO SKILL_MST(SKILL_ID, INDUSTRY_ID, JOBTYPE_ID, SKILL_NM, CREATE_TIME, CREATE_BY, UPDATE_TIME) VALUES(DEFAULT, 12, 147, 'TERADATA', NOW(), 'System', NOW());
INSERT INTO SKILL_MST(SKILL_ID, INDUSTRY_ID, JOBTYPE_ID, SKILL_NM, CREATE_TIME, CREATE_BY, UPDATE_TIME) VALUES(DEFAULT, 12, 147, 'NoSQL', NOW(), 'System', NOW());
INSERT INTO SKILL_MST(SKILL_ID, INDUSTRY_ID, JOBTYPE_ID, SKILL_NM, CREATE_TIME, CREATE_BY, UPDATE_TIME) VALUES(DEFAULT, 12, 147, 'DataStage', NOW(), 'System', NOW());
INSERT INTO SKILL_MST(SKILL_ID, INDUSTRY_ID, JOBTYPE_ID, SKILL_NM, CREATE_TIME, CREATE_BY, UPDATE_TIME) VALUES(DEFAULT, 12, 147, 'PowerCenter', NOW(), 'System', NOW());
INSERT INTO SKILL_MST(SKILL_ID, INDUSTRY_ID, JOBTYPE_ID, SKILL_NM, CREATE_TIME, CREATE_BY, UPDATE_TIME) VALUES(DEFAULT, 12, 147, 'Talend', NOW(), 'System', NOW());
INSERT INTO SKILL_MST(SKILL_ID, INDUSTRY_ID, JOBTYPE_ID, SKILL_NM, CREATE_TIME, CREATE_BY, UPDATE_TIME) VALUES(DEFAULT, 12, 147, 'DataSpider', NOW(), 'System', NOW());
INSERT INTO SKILL_MST(SKILL_ID, INDUSTRY_ID, JOBTYPE_ID, SKILL_NM, CREATE_TIME, CREATE_BY, UPDATE_TIME) VALUES(DEFAULT, 12, 147, 'SAP/BO', NOW(), 'System', NOW());
INSERT INTO SKILL_MST(SKILL_ID, INDUSTRY_ID, JOBTYPE_ID, SKILL_NM, CREATE_TIME, CREATE_BY, UPDATE_TIME) VALUES(DEFAULT, 12, 147, 'Struts', NOW(), 'System', NOW());
INSERT INTO SKILL_MST(SKILL_ID, INDUSTRY_ID, JOBTYPE_ID, SKILL_NM, CREATE_TIME, CREATE_BY, UPDATE_TIME) VALUES(DEFAULT, 12, 147, 'Mybits', NOW(), 'System', NOW());
INSERT INTO SKILL_MST(SKILL_ID, INDUSTRY_ID, JOBTYPE_ID, SKILL_NM, CREATE_TIME, CREATE_BY, UPDATE_TIME) VALUES(DEFAULT, 12, 147, 'Seaser2', NOW(), 'System', NOW());
INSERT INTO SKILL_MST(SKILL_ID, INDUSTRY_ID, JOBTYPE_ID, SKILL_NM, CREATE_TIME, CREATE_BY, UPDATE_TIME) VALUES(DEFAULT, 12, 147, 'TERASOLUNA', NOW(), 'System', NOW());
INSERT INTO SKILL_MST(SKILL_ID, INDUSTRY_ID, JOBTYPE_ID, SKILL_NM, CREATE_TIME, CREATE_BY, UPDATE_TIME) VALUES(DEFAULT, 12, 147, 'Spring', NOW(), 'System', NOW());
INSERT INTO SKILL_MST(SKILL_ID, INDUSTRY_ID, JOBTYPE_ID, SKILL_NM, CREATE_TIME, CREATE_BY, UPDATE_TIME) VALUES(DEFAULT, 12, 147, 'intra-mart', NOW(), 'System', NOW());
INSERT INTO SKILL_MST(SKILL_ID, INDUSTRY_ID, JOBTYPE_ID, SKILL_NM, CREATE_TIME, CREATE_BY, UPDATE_TIME) VALUES(DEFAULT, 12, 147, 'JSF', NOW(), 'System', NOW());
INSERT INTO SKILL_MST(SKILL_ID, INDUSTRY_ID, JOBTYPE_ID, SKILL_NM, CREATE_TIME, CREATE_BY, UPDATE_TIME) VALUES(DEFAULT, 12, 147, 'Hibernate', NOW(), 'System', NOW());
INSERT INTO SKILL_MST(SKILL_ID, INDUSTRY_ID, JOBTYPE_ID, SKILL_NM, CREATE_TIME, CREATE_BY, UPDATE_TIME) VALUES(DEFAULT, 12, 147, 'Ajax', NOW(), 'System', NOW());
INSERT INTO SKILL_MST(SKILL_ID, INDUSTRY_ID, JOBTYPE_ID, SKILL_NM, CREATE_TIME, CREATE_BY, UPDATE_TIME) VALUES(DEFAULT, 12, 147, 'iBATIS', NOW(), 'System', NOW());
INSERT INTO SKILL_MST(SKILL_ID, INDUSTRY_ID, JOBTYPE_ID, SKILL_NM, CREATE_TIME, CREATE_BY, UPDATE_TIME) VALUES(DEFAULT, 12, 147, 'CakePHP', NOW(), 'System', NOW());
INSERT INTO SKILL_MST(SKILL_ID, INDUSTRY_ID, JOBTYPE_ID, SKILL_NM, CREATE_TIME, CREATE_BY, UPDATE_TIME) VALUES(DEFAULT, 12, 147, 'WebLogic', NOW(), 'System', NOW());
INSERT INTO SKILL_MST(SKILL_ID, INDUSTRY_ID, JOBTYPE_ID, SKILL_NM, CREATE_TIME, CREATE_BY, UPDATE_TIME) VALUES(DEFAULT, 12, 147, 'Nginx', NOW(), 'System', NOW());
INSERT INTO SKILL_MST(SKILL_ID, INDUSTRY_ID, JOBTYPE_ID, SKILL_NM, CREATE_TIME, CREATE_BY, UPDATE_TIME) VALUES(DEFAULT, 12, 147, 'WebSphere', NOW(), 'System', NOW());
INSERT INTO SKILL_MST(SKILL_ID, INDUSTRY_ID, JOBTYPE_ID, SKILL_NM, CREATE_TIME, CREATE_BY, UPDATE_TIME) VALUES(DEFAULT, 12, 147, 'git', NOW(), 'System', NOW());
INSERT INTO SKILL_MST(SKILL_ID, INDUSTRY_ID, JOBTYPE_ID, SKILL_NM, CREATE_TIME, CREATE_BY, UPDATE_TIME) VALUES(DEFAULT, 12, 147, 'Apache', NOW(), 'System', NOW());
INSERT INTO SKILL_MST(SKILL_ID, INDUSTRY_ID, JOBTYPE_ID, SKILL_NM, CREATE_TIME, CREATE_BY, UPDATE_TIME) VALUES(DEFAULT, 12, 147, 'Jboss', NOW(), 'System', NOW());
INSERT INTO SKILL_MST(SKILL_ID, INDUSTRY_ID, JOBTYPE_ID, SKILL_NM, CREATE_TIME, CREATE_BY, UPDATE_TIME) VALUES(DEFAULT, 12, 147, 'IIS', NOW(), 'System', NOW());
INSERT INTO SKILL_MST(SKILL_ID, INDUSTRY_ID, JOBTYPE_ID, SKILL_NM, CREATE_TIME, CREATE_BY, UPDATE_TIME) VALUES(DEFAULT, 12, 147, 'VMWare', NOW(), 'System', NOW());
INSERT INTO SKILL_MST(SKILL_ID, INDUSTRY_ID, JOBTYPE_ID, SKILL_NM, CREATE_TIME, CREATE_BY, UPDATE_TIME) VALUES(DEFAULT, 12, 147, 'Salesforce', NOW(), 'System', NOW());
INSERT INTO SKILL_MST(SKILL_ID, INDUSTRY_ID, JOBTYPE_ID, SKILL_NM, CREATE_TIME, CREATE_BY, UPDATE_TIME) VALUES(DEFAULT, 12, 147, 'AWS', NOW(), 'System', NOW());
INSERT INTO SKILL_MST(SKILL_ID, INDUSTRY_ID, JOBTYPE_ID, SKILL_NM, CREATE_TIME, CREATE_BY, UPDATE_TIME) VALUES(DEFAULT, 12, 147, 'Dynamics', NOW(), 'System', NOW());
INSERT INTO SKILL_MST(SKILL_ID, INDUSTRY_ID, JOBTYPE_ID, SKILL_NM, CREATE_TIME, CREATE_BY, UPDATE_TIME) VALUES(DEFAULT, 12, 147, 'Xen', NOW(), 'System', NOW());
INSERT INTO SKILL_MST(SKILL_ID, INDUSTRY_ID, JOBTYPE_ID, SKILL_NM, CREATE_TIME, CREATE_BY, UPDATE_TIME) VALUES(DEFAULT, 12, 147, 'Oracle EBS', NOW(), 'System', NOW());
INSERT INTO SKILL_MST(SKILL_ID, INDUSTRY_ID, JOBTYPE_ID, SKILL_NM, CREATE_TIME, CREATE_BY, UPDATE_TIME) VALUES(DEFAULT, 12, 147, 'Azure', NOW(), 'System', NOW());
INSERT INTO SKILL_MST(SKILL_ID, INDUSTRY_ID, JOBTYPE_ID, SKILL_NM, CREATE_TIME, CREATE_BY, UPDATE_TIME) VALUES(DEFAULT, 12, 147, 'OpenStack', NOW(), 'System', NOW());
INSERT INTO SKILL_MST(SKILL_ID, INDUSTRY_ID, JOBTYPE_ID, SKILL_NM, CREATE_TIME, CREATE_BY, UPDATE_TIME) VALUES(DEFAULT, 12, 147, 'Hadoop', NOW(), 'System', NOW());
INSERT INTO SKILL_MST(SKILL_ID, INDUSTRY_ID, JOBTYPE_ID, SKILL_NM, CREATE_TIME, CREATE_BY, UPDATE_TIME) VALUES(DEFAULT, 1, 1, 'その他', NOW(), 'System', NOW());
INSERT INTO SKILL_MST(SKILL_ID, INDUSTRY_ID, JOBTYPE_ID, SKILL_NM, CREATE_TIME, CREATE_BY, UPDATE_TIME) VALUES(DEFAULT, 1, 2, 'その他', NOW(), 'System', NOW());
INSERT INTO SKILL_MST(SKILL_ID, INDUSTRY_ID, JOBTYPE_ID, SKILL_NM, CREATE_TIME, CREATE_BY, UPDATE_TIME) VALUES(DEFAULT, 1, 3, 'その他', NOW(), 'System', NOW());
INSERT INTO SKILL_MST(SKILL_ID, INDUSTRY_ID, JOBTYPE_ID, SKILL_NM, CREATE_TIME, CREATE_BY, UPDATE_TIME) VALUES(DEFAULT, 1, 4, 'その他', NOW(), 'System', NOW());
INSERT INTO SKILL_MST(SKILL_ID, INDUSTRY_ID, JOBTYPE_ID, SKILL_NM, CREATE_TIME, CREATE_BY, UPDATE_TIME) VALUES(DEFAULT, 1, 5, 'その他', NOW(), 'System', NOW());
INSERT INTO SKILL_MST(SKILL_ID, INDUSTRY_ID, JOBTYPE_ID, SKILL_NM, CREATE_TIME, CREATE_BY, UPDATE_TIME) VALUES(DEFAULT, 1, 6, 'その他', NOW(), 'System', NOW());
INSERT INTO SKILL_MST(SKILL_ID, INDUSTRY_ID, JOBTYPE_ID, SKILL_NM, CREATE_TIME, CREATE_BY, UPDATE_TIME) VALUES(DEFAULT, 1, 7, 'その他', NOW(), 'System', NOW());
INSERT INTO SKILL_MST(SKILL_ID, INDUSTRY_ID, JOBTYPE_ID, SKILL_NM, CREATE_TIME, CREATE_BY, UPDATE_TIME) VALUES(DEFAULT, 1, 8, 'その他', NOW(), 'System', NOW());
INSERT INTO SKILL_MST(SKILL_ID, INDUSTRY_ID, JOBTYPE_ID, SKILL_NM, CREATE_TIME, CREATE_BY, UPDATE_TIME) VALUES(DEFAULT, 1, 9, 'その他', NOW(), 'System', NOW());
INSERT INTO SKILL_MST(SKILL_ID, INDUSTRY_ID, JOBTYPE_ID, SKILL_NM, CREATE_TIME, CREATE_BY, UPDATE_TIME) VALUES(DEFAULT, 2, 10, 'その他', NOW(), 'System', NOW());
INSERT INTO SKILL_MST(SKILL_ID, INDUSTRY_ID, JOBTYPE_ID, SKILL_NM, CREATE_TIME, CREATE_BY, UPDATE_TIME) VALUES(DEFAULT, 2, 11, 'その他', NOW(), 'System', NOW());
INSERT INTO SKILL_MST(SKILL_ID, INDUSTRY_ID, JOBTYPE_ID, SKILL_NM, CREATE_TIME, CREATE_BY, UPDATE_TIME) VALUES(DEFAULT, 2, 12, 'その他', NOW(), 'System', NOW());
INSERT INTO SKILL_MST(SKILL_ID, INDUSTRY_ID, JOBTYPE_ID, SKILL_NM, CREATE_TIME, CREATE_BY, UPDATE_TIME) VALUES(DEFAULT, 2, 13, 'その他', NOW(), 'System', NOW());
INSERT INTO SKILL_MST(SKILL_ID, INDUSTRY_ID, JOBTYPE_ID, SKILL_NM, CREATE_TIME, CREATE_BY, UPDATE_TIME) VALUES(DEFAULT, 2, 14, 'その他', NOW(), 'System', NOW());
INSERT INTO SKILL_MST(SKILL_ID, INDUSTRY_ID, JOBTYPE_ID, SKILL_NM, CREATE_TIME, CREATE_BY, UPDATE_TIME) VALUES(DEFAULT, 2, 15, 'その他', NOW(), 'System', NOW());
INSERT INTO SKILL_MST(SKILL_ID, INDUSTRY_ID, JOBTYPE_ID, SKILL_NM, CREATE_TIME, CREATE_BY, UPDATE_TIME) VALUES(DEFAULT, 2, 16, 'その他', NOW(), 'System', NOW());
INSERT INTO SKILL_MST(SKILL_ID, INDUSTRY_ID, JOBTYPE_ID, SKILL_NM, CREATE_TIME, CREATE_BY, UPDATE_TIME) VALUES(DEFAULT, 2, 17, 'その他', NOW(), 'System', NOW());
INSERT INTO SKILL_MST(SKILL_ID, INDUSTRY_ID, JOBTYPE_ID, SKILL_NM, CREATE_TIME, CREATE_BY, UPDATE_TIME) VALUES(DEFAULT, 2, 18, 'その他', NOW(), 'System', NOW());
INSERT INTO SKILL_MST(SKILL_ID, INDUSTRY_ID, JOBTYPE_ID, SKILL_NM, CREATE_TIME, CREATE_BY, UPDATE_TIME) VALUES(DEFAULT, 2, 19, 'その他', NOW(), 'System', NOW());
INSERT INTO SKILL_MST(SKILL_ID, INDUSTRY_ID, JOBTYPE_ID, SKILL_NM, CREATE_TIME, CREATE_BY, UPDATE_TIME) VALUES(DEFAULT, 3, 20, 'その他', NOW(), 'System', NOW());
INSERT INTO SKILL_MST(SKILL_ID, INDUSTRY_ID, JOBTYPE_ID, SKILL_NM, CREATE_TIME, CREATE_BY, UPDATE_TIME) VALUES(DEFAULT, 3, 21, 'その他', NOW(), 'System', NOW());
INSERT INTO SKILL_MST(SKILL_ID, INDUSTRY_ID, JOBTYPE_ID, SKILL_NM, CREATE_TIME, CREATE_BY, UPDATE_TIME) VALUES(DEFAULT, 3, 22, 'その他', NOW(), 'System', NOW());
INSERT INTO SKILL_MST(SKILL_ID, INDUSTRY_ID, JOBTYPE_ID, SKILL_NM, CREATE_TIME, CREATE_BY, UPDATE_TIME) VALUES(DEFAULT, 3, 23, 'その他', NOW(), 'System', NOW());
INSERT INTO SKILL_MST(SKILL_ID, INDUSTRY_ID, JOBTYPE_ID, SKILL_NM, CREATE_TIME, CREATE_BY, UPDATE_TIME) VALUES(DEFAULT, 3, 24, 'その他', NOW(), 'System', NOW());
INSERT INTO SKILL_MST(SKILL_ID, INDUSTRY_ID, JOBTYPE_ID, SKILL_NM, CREATE_TIME, CREATE_BY, UPDATE_TIME) VALUES(DEFAULT, 3, 25, 'その他', NOW(), 'System', NOW());
INSERT INTO SKILL_MST(SKILL_ID, INDUSTRY_ID, JOBTYPE_ID, SKILL_NM, CREATE_TIME, CREATE_BY, UPDATE_TIME) VALUES(DEFAULT, 3, 26, 'その他', NOW(), 'System', NOW());
INSERT INTO SKILL_MST(SKILL_ID, INDUSTRY_ID, JOBTYPE_ID, SKILL_NM, CREATE_TIME, CREATE_BY, UPDATE_TIME) VALUES(DEFAULT, 3, 27, 'その他', NOW(), 'System', NOW());
INSERT INTO SKILL_MST(SKILL_ID, INDUSTRY_ID, JOBTYPE_ID, SKILL_NM, CREATE_TIME, CREATE_BY, UPDATE_TIME) VALUES(DEFAULT, 3, 28, 'その他', NOW(), 'System', NOW());
INSERT INTO SKILL_MST(SKILL_ID, INDUSTRY_ID, JOBTYPE_ID, SKILL_NM, CREATE_TIME, CREATE_BY, UPDATE_TIME) VALUES(DEFAULT, 3, 29, 'その他', NOW(), 'System', NOW());
INSERT INTO SKILL_MST(SKILL_ID, INDUSTRY_ID, JOBTYPE_ID, SKILL_NM, CREATE_TIME, CREATE_BY, UPDATE_TIME) VALUES(DEFAULT, 3, 30, 'その他', NOW(), 'System', NOW());
INSERT INTO SKILL_MST(SKILL_ID, INDUSTRY_ID, JOBTYPE_ID, SKILL_NM, CREATE_TIME, CREATE_BY, UPDATE_TIME) VALUES(DEFAULT, 3, 31, 'その他', NOW(), 'System', NOW());
INSERT INTO SKILL_MST(SKILL_ID, INDUSTRY_ID, JOBTYPE_ID, SKILL_NM, CREATE_TIME, CREATE_BY, UPDATE_TIME) VALUES(DEFAULT, 3, 32, 'その他', NOW(), 'System', NOW());
INSERT INTO SKILL_MST(SKILL_ID, INDUSTRY_ID, JOBTYPE_ID, SKILL_NM, CREATE_TIME, CREATE_BY, UPDATE_TIME) VALUES(DEFAULT, 3, 33, 'その他', NOW(), 'System', NOW());
INSERT INTO SKILL_MST(SKILL_ID, INDUSTRY_ID, JOBTYPE_ID, SKILL_NM, CREATE_TIME, CREATE_BY, UPDATE_TIME) VALUES(DEFAULT, 4, 34, 'その他', NOW(), 'System', NOW());
INSERT INTO SKILL_MST(SKILL_ID, INDUSTRY_ID, JOBTYPE_ID, SKILL_NM, CREATE_TIME, CREATE_BY, UPDATE_TIME) VALUES(DEFAULT, 4, 35, 'その他', NOW(), 'System', NOW());
INSERT INTO SKILL_MST(SKILL_ID, INDUSTRY_ID, JOBTYPE_ID, SKILL_NM, CREATE_TIME, CREATE_BY, UPDATE_TIME) VALUES(DEFAULT, 4, 36, 'その他', NOW(), 'System', NOW());
INSERT INTO SKILL_MST(SKILL_ID, INDUSTRY_ID, JOBTYPE_ID, SKILL_NM, CREATE_TIME, CREATE_BY, UPDATE_TIME) VALUES(DEFAULT, 4, 37, 'その他', NOW(), 'System', NOW());
INSERT INTO SKILL_MST(SKILL_ID, INDUSTRY_ID, JOBTYPE_ID, SKILL_NM, CREATE_TIME, CREATE_BY, UPDATE_TIME) VALUES(DEFAULT, 4, 38, 'その他', NOW(), 'System', NOW());
INSERT INTO SKILL_MST(SKILL_ID, INDUSTRY_ID, JOBTYPE_ID, SKILL_NM, CREATE_TIME, CREATE_BY, UPDATE_TIME) VALUES(DEFAULT, 4, 39, 'その他', NOW(), 'System', NOW());
INSERT INTO SKILL_MST(SKILL_ID, INDUSTRY_ID, JOBTYPE_ID, SKILL_NM, CREATE_TIME, CREATE_BY, UPDATE_TIME) VALUES(DEFAULT, 4, 40, 'その他', NOW(), 'System', NOW());
INSERT INTO SKILL_MST(SKILL_ID, INDUSTRY_ID, JOBTYPE_ID, SKILL_NM, CREATE_TIME, CREATE_BY, UPDATE_TIME) VALUES(DEFAULT, 4, 41, 'その他', NOW(), 'System', NOW());
INSERT INTO SKILL_MST(SKILL_ID, INDUSTRY_ID, JOBTYPE_ID, SKILL_NM, CREATE_TIME, CREATE_BY, UPDATE_TIME) VALUES(DEFAULT, 4, 42, 'その他', NOW(), 'System', NOW());
INSERT INTO SKILL_MST(SKILL_ID, INDUSTRY_ID, JOBTYPE_ID, SKILL_NM, CREATE_TIME, CREATE_BY, UPDATE_TIME) VALUES(DEFAULT, 4, 43, 'その他', NOW(), 'System', NOW());
INSERT INTO SKILL_MST(SKILL_ID, INDUSTRY_ID, JOBTYPE_ID, SKILL_NM, CREATE_TIME, CREATE_BY, UPDATE_TIME) VALUES(DEFAULT, 4, 44, 'その他', NOW(), 'System', NOW());
INSERT INTO SKILL_MST(SKILL_ID, INDUSTRY_ID, JOBTYPE_ID, SKILL_NM, CREATE_TIME, CREATE_BY, UPDATE_TIME) VALUES(DEFAULT, 4, 45, 'その他', NOW(), 'System', NOW());
INSERT INTO SKILL_MST(SKILL_ID, INDUSTRY_ID, JOBTYPE_ID, SKILL_NM, CREATE_TIME, CREATE_BY, UPDATE_TIME) VALUES(DEFAULT, 4, 46, 'その他', NOW(), 'System', NOW());
INSERT INTO SKILL_MST(SKILL_ID, INDUSTRY_ID, JOBTYPE_ID, SKILL_NM, CREATE_TIME, CREATE_BY, UPDATE_TIME) VALUES(DEFAULT, 4, 47, 'その他', NOW(), 'System', NOW());
INSERT INTO SKILL_MST(SKILL_ID, INDUSTRY_ID, JOBTYPE_ID, SKILL_NM, CREATE_TIME, CREATE_BY, UPDATE_TIME) VALUES(DEFAULT, 4, 48, 'その他', NOW(), 'System', NOW());
INSERT INTO SKILL_MST(SKILL_ID, INDUSTRY_ID, JOBTYPE_ID, SKILL_NM, CREATE_TIME, CREATE_BY, UPDATE_TIME) VALUES(DEFAULT, 4, 49, 'その他', NOW(), 'System', NOW());
INSERT INTO SKILL_MST(SKILL_ID, INDUSTRY_ID, JOBTYPE_ID, SKILL_NM, CREATE_TIME, CREATE_BY, UPDATE_TIME) VALUES(DEFAULT, 4, 50, 'その他', NOW(), 'System', NOW());
INSERT INTO SKILL_MST(SKILL_ID, INDUSTRY_ID, JOBTYPE_ID, SKILL_NM, CREATE_TIME, CREATE_BY, UPDATE_TIME) VALUES(DEFAULT, 4, 51, 'その他', NOW(), 'System', NOW());
INSERT INTO SKILL_MST(SKILL_ID, INDUSTRY_ID, JOBTYPE_ID, SKILL_NM, CREATE_TIME, CREATE_BY, UPDATE_TIME) VALUES(DEFAULT, 4, 52, 'その他', NOW(), 'System', NOW());
INSERT INTO SKILL_MST(SKILL_ID, INDUSTRY_ID, JOBTYPE_ID, SKILL_NM, CREATE_TIME, CREATE_BY, UPDATE_TIME) VALUES(DEFAULT, 5, 53, 'その他', NOW(), 'System', NOW());
INSERT INTO SKILL_MST(SKILL_ID, INDUSTRY_ID, JOBTYPE_ID, SKILL_NM, CREATE_TIME, CREATE_BY, UPDATE_TIME) VALUES(DEFAULT, 5, 54, 'その他', NOW(), 'System', NOW());
INSERT INTO SKILL_MST(SKILL_ID, INDUSTRY_ID, JOBTYPE_ID, SKILL_NM, CREATE_TIME, CREATE_BY, UPDATE_TIME) VALUES(DEFAULT, 5, 55, 'その他', NOW(), 'System', NOW());
INSERT INTO SKILL_MST(SKILL_ID, INDUSTRY_ID, JOBTYPE_ID, SKILL_NM, CREATE_TIME, CREATE_BY, UPDATE_TIME) VALUES(DEFAULT, 5, 56, 'その他', NOW(), 'System', NOW());
INSERT INTO SKILL_MST(SKILL_ID, INDUSTRY_ID, JOBTYPE_ID, SKILL_NM, CREATE_TIME, CREATE_BY, UPDATE_TIME) VALUES(DEFAULT, 5, 57, 'その他', NOW(), 'System', NOW());
INSERT INTO SKILL_MST(SKILL_ID, INDUSTRY_ID, JOBTYPE_ID, SKILL_NM, CREATE_TIME, CREATE_BY, UPDATE_TIME) VALUES(DEFAULT, 5, 58, 'その他', NOW(), 'System', NOW());
INSERT INTO SKILL_MST(SKILL_ID, INDUSTRY_ID, JOBTYPE_ID, SKILL_NM, CREATE_TIME, CREATE_BY, UPDATE_TIME) VALUES(DEFAULT, 5, 59, 'その他', NOW(), 'System', NOW());
INSERT INTO SKILL_MST(SKILL_ID, INDUSTRY_ID, JOBTYPE_ID, SKILL_NM, CREATE_TIME, CREATE_BY, UPDATE_TIME) VALUES(DEFAULT, 5, 60, 'その他', NOW(), 'System', NOW());
INSERT INTO SKILL_MST(SKILL_ID, INDUSTRY_ID, JOBTYPE_ID, SKILL_NM, CREATE_TIME, CREATE_BY, UPDATE_TIME) VALUES(DEFAULT, 5, 61, 'その他', NOW(), 'System', NOW());
INSERT INTO SKILL_MST(SKILL_ID, INDUSTRY_ID, JOBTYPE_ID, SKILL_NM, CREATE_TIME, CREATE_BY, UPDATE_TIME) VALUES(DEFAULT, 5, 62, 'その他', NOW(), 'System', NOW());
INSERT INTO SKILL_MST(SKILL_ID, INDUSTRY_ID, JOBTYPE_ID, SKILL_NM, CREATE_TIME, CREATE_BY, UPDATE_TIME) VALUES(DEFAULT, 5, 63, 'その他', NOW(), 'System', NOW());
INSERT INTO SKILL_MST(SKILL_ID, INDUSTRY_ID, JOBTYPE_ID, SKILL_NM, CREATE_TIME, CREATE_BY, UPDATE_TIME) VALUES(DEFAULT, 5, 64, 'その他', NOW(), 'System', NOW());
INSERT INTO SKILL_MST(SKILL_ID, INDUSTRY_ID, JOBTYPE_ID, SKILL_NM, CREATE_TIME, CREATE_BY, UPDATE_TIME) VALUES(DEFAULT, 5, 65, 'その他', NOW(), 'System', NOW());
INSERT INTO SKILL_MST(SKILL_ID, INDUSTRY_ID, JOBTYPE_ID, SKILL_NM, CREATE_TIME, CREATE_BY, UPDATE_TIME) VALUES(DEFAULT, 5, 66, 'その他', NOW(), 'System', NOW());
INSERT INTO SKILL_MST(SKILL_ID, INDUSTRY_ID, JOBTYPE_ID, SKILL_NM, CREATE_TIME, CREATE_BY, UPDATE_TIME) VALUES(DEFAULT, 5, 67, 'その他', NOW(), 'System', NOW());
INSERT INTO SKILL_MST(SKILL_ID, INDUSTRY_ID, JOBTYPE_ID, SKILL_NM, CREATE_TIME, CREATE_BY, UPDATE_TIME) VALUES(DEFAULT, 5, 68, 'その他', NOW(), 'System', NOW());
INSERT INTO SKILL_MST(SKILL_ID, INDUSTRY_ID, JOBTYPE_ID, SKILL_NM, CREATE_TIME, CREATE_BY, UPDATE_TIME) VALUES(DEFAULT, 5, 69, 'その他', NOW(), 'System', NOW());
INSERT INTO SKILL_MST(SKILL_ID, INDUSTRY_ID, JOBTYPE_ID, SKILL_NM, CREATE_TIME, CREATE_BY, UPDATE_TIME) VALUES(DEFAULT, 5, 70, 'その他', NOW(), 'System', NOW());
INSERT INTO SKILL_MST(SKILL_ID, INDUSTRY_ID, JOBTYPE_ID, SKILL_NM, CREATE_TIME, CREATE_BY, UPDATE_TIME) VALUES(DEFAULT, 5, 71, 'その他', NOW(), 'System', NOW());
INSERT INTO SKILL_MST(SKILL_ID, INDUSTRY_ID, JOBTYPE_ID, SKILL_NM, CREATE_TIME, CREATE_BY, UPDATE_TIME) VALUES(DEFAULT, 5, 72, 'その他', NOW(), 'System', NOW());
INSERT INTO SKILL_MST(SKILL_ID, INDUSTRY_ID, JOBTYPE_ID, SKILL_NM, CREATE_TIME, CREATE_BY, UPDATE_TIME) VALUES(DEFAULT, 6, 73, 'その他', NOW(), 'System', NOW());
INSERT INTO SKILL_MST(SKILL_ID, INDUSTRY_ID, JOBTYPE_ID, SKILL_NM, CREATE_TIME, CREATE_BY, UPDATE_TIME) VALUES(DEFAULT, 6, 74, 'その他', NOW(), 'System', NOW());
INSERT INTO SKILL_MST(SKILL_ID, INDUSTRY_ID, JOBTYPE_ID, SKILL_NM, CREATE_TIME, CREATE_BY, UPDATE_TIME) VALUES(DEFAULT, 6, 75, 'その他', NOW(), 'System', NOW());
INSERT INTO SKILL_MST(SKILL_ID, INDUSTRY_ID, JOBTYPE_ID, SKILL_NM, CREATE_TIME, CREATE_BY, UPDATE_TIME) VALUES(DEFAULT, 6, 76, 'その他', NOW(), 'System', NOW());
INSERT INTO SKILL_MST(SKILL_ID, INDUSTRY_ID, JOBTYPE_ID, SKILL_NM, CREATE_TIME, CREATE_BY, UPDATE_TIME) VALUES(DEFAULT, 6, 77, 'その他', NOW(), 'System', NOW());
INSERT INTO SKILL_MST(SKILL_ID, INDUSTRY_ID, JOBTYPE_ID, SKILL_NM, CREATE_TIME, CREATE_BY, UPDATE_TIME) VALUES(DEFAULT, 6, 78, 'その他', NOW(), 'System', NOW());
INSERT INTO SKILL_MST(SKILL_ID, INDUSTRY_ID, JOBTYPE_ID, SKILL_NM, CREATE_TIME, CREATE_BY, UPDATE_TIME) VALUES(DEFAULT, 6, 79, 'その他', NOW(), 'System', NOW());
INSERT INTO SKILL_MST(SKILL_ID, INDUSTRY_ID, JOBTYPE_ID, SKILL_NM, CREATE_TIME, CREATE_BY, UPDATE_TIME) VALUES(DEFAULT, 6, 80, 'その他', NOW(), 'System', NOW());
INSERT INTO SKILL_MST(SKILL_ID, INDUSTRY_ID, JOBTYPE_ID, SKILL_NM, CREATE_TIME, CREATE_BY, UPDATE_TIME) VALUES(DEFAULT, 6, 81, 'その他', NOW(), 'System', NOW());
INSERT INTO SKILL_MST(SKILL_ID, INDUSTRY_ID, JOBTYPE_ID, SKILL_NM, CREATE_TIME, CREATE_BY, UPDATE_TIME) VALUES(DEFAULT, 6, 82, 'その他', NOW(), 'System', NOW());
INSERT INTO SKILL_MST(SKILL_ID, INDUSTRY_ID, JOBTYPE_ID, SKILL_NM, CREATE_TIME, CREATE_BY, UPDATE_TIME) VALUES(DEFAULT, 6, 83, 'その他', NOW(), 'System', NOW());
INSERT INTO SKILL_MST(SKILL_ID, INDUSTRY_ID, JOBTYPE_ID, SKILL_NM, CREATE_TIME, CREATE_BY, UPDATE_TIME) VALUES(DEFAULT, 7, 84, 'その他', NOW(), 'System', NOW());
INSERT INTO SKILL_MST(SKILL_ID, INDUSTRY_ID, JOBTYPE_ID, SKILL_NM, CREATE_TIME, CREATE_BY, UPDATE_TIME) VALUES(DEFAULT, 7, 85, 'その他', NOW(), 'System', NOW());
INSERT INTO SKILL_MST(SKILL_ID, INDUSTRY_ID, JOBTYPE_ID, SKILL_NM, CREATE_TIME, CREATE_BY, UPDATE_TIME) VALUES(DEFAULT, 7, 86, 'その他', NOW(), 'System', NOW());
INSERT INTO SKILL_MST(SKILL_ID, INDUSTRY_ID, JOBTYPE_ID, SKILL_NM, CREATE_TIME, CREATE_BY, UPDATE_TIME) VALUES(DEFAULT, 7, 87, 'その他', NOW(), 'System', NOW());
INSERT INTO SKILL_MST(SKILL_ID, INDUSTRY_ID, JOBTYPE_ID, SKILL_NM, CREATE_TIME, CREATE_BY, UPDATE_TIME) VALUES(DEFAULT, 7, 88, 'その他', NOW(), 'System', NOW());
INSERT INTO SKILL_MST(SKILL_ID, INDUSTRY_ID, JOBTYPE_ID, SKILL_NM, CREATE_TIME, CREATE_BY, UPDATE_TIME) VALUES(DEFAULT, 8, 89, 'その他', NOW(), 'System', NOW());
INSERT INTO SKILL_MST(SKILL_ID, INDUSTRY_ID, JOBTYPE_ID, SKILL_NM, CREATE_TIME, CREATE_BY, UPDATE_TIME) VALUES(DEFAULT, 8, 90, 'その他', NOW(), 'System', NOW());
INSERT INTO SKILL_MST(SKILL_ID, INDUSTRY_ID, JOBTYPE_ID, SKILL_NM, CREATE_TIME, CREATE_BY, UPDATE_TIME) VALUES(DEFAULT, 8, 91, 'その他', NOW(), 'System', NOW());
INSERT INTO SKILL_MST(SKILL_ID, INDUSTRY_ID, JOBTYPE_ID, SKILL_NM, CREATE_TIME, CREATE_BY, UPDATE_TIME) VALUES(DEFAULT, 8, 92, 'その他', NOW(), 'System', NOW());
INSERT INTO SKILL_MST(SKILL_ID, INDUSTRY_ID, JOBTYPE_ID, SKILL_NM, CREATE_TIME, CREATE_BY, UPDATE_TIME) VALUES(DEFAULT, 8, 93, 'その他', NOW(), 'System', NOW());
INSERT INTO SKILL_MST(SKILL_ID, INDUSTRY_ID, JOBTYPE_ID, SKILL_NM, CREATE_TIME, CREATE_BY, UPDATE_TIME) VALUES(DEFAULT, 8, 94, 'その他', NOW(), 'System', NOW());
INSERT INTO SKILL_MST(SKILL_ID, INDUSTRY_ID, JOBTYPE_ID, SKILL_NM, CREATE_TIME, CREATE_BY, UPDATE_TIME) VALUES(DEFAULT, 8, 95, 'その他', NOW(), 'System', NOW());
INSERT INTO SKILL_MST(SKILL_ID, INDUSTRY_ID, JOBTYPE_ID, SKILL_NM, CREATE_TIME, CREATE_BY, UPDATE_TIME) VALUES(DEFAULT, 8, 96, 'その他', NOW(), 'System', NOW());
INSERT INTO SKILL_MST(SKILL_ID, INDUSTRY_ID, JOBTYPE_ID, SKILL_NM, CREATE_TIME, CREATE_BY, UPDATE_TIME) VALUES(DEFAULT, 8, 97, 'その他', NOW(), 'System', NOW());
INSERT INTO SKILL_MST(SKILL_ID, INDUSTRY_ID, JOBTYPE_ID, SKILL_NM, CREATE_TIME, CREATE_BY, UPDATE_TIME) VALUES(DEFAULT, 9, 98, 'その他', NOW(), 'System', NOW());
INSERT INTO SKILL_MST(SKILL_ID, INDUSTRY_ID, JOBTYPE_ID, SKILL_NM, CREATE_TIME, CREATE_BY, UPDATE_TIME) VALUES(DEFAULT, 9, 99, 'その他', NOW(), 'System', NOW());
INSERT INTO SKILL_MST(SKILL_ID, INDUSTRY_ID, JOBTYPE_ID, SKILL_NM, CREATE_TIME, CREATE_BY, UPDATE_TIME) VALUES(DEFAULT, 9, 100, 'その他', NOW(), 'System', NOW());
INSERT INTO SKILL_MST(SKILL_ID, INDUSTRY_ID, JOBTYPE_ID, SKILL_NM, CREATE_TIME, CREATE_BY, UPDATE_TIME) VALUES(DEFAULT, 9, 101, 'その他', NOW(), 'System', NOW());
INSERT INTO SKILL_MST(SKILL_ID, INDUSTRY_ID, JOBTYPE_ID, SKILL_NM, CREATE_TIME, CREATE_BY, UPDATE_TIME) VALUES(DEFAULT, 9, 102, 'その他', NOW(), 'System', NOW());
INSERT INTO SKILL_MST(SKILL_ID, INDUSTRY_ID, JOBTYPE_ID, SKILL_NM, CREATE_TIME, CREATE_BY, UPDATE_TIME) VALUES(DEFAULT, 9, 103, 'その他', NOW(), 'System', NOW());
INSERT INTO SKILL_MST(SKILL_ID, INDUSTRY_ID, JOBTYPE_ID, SKILL_NM, CREATE_TIME, CREATE_BY, UPDATE_TIME) VALUES(DEFAULT, 9, 104, 'その他', NOW(), 'System', NOW());
INSERT INTO SKILL_MST(SKILL_ID, INDUSTRY_ID, JOBTYPE_ID, SKILL_NM, CREATE_TIME, CREATE_BY, UPDATE_TIME) VALUES(DEFAULT, 9, 105, 'その他', NOW(), 'System', NOW());
INSERT INTO SKILL_MST(SKILL_ID, INDUSTRY_ID, JOBTYPE_ID, SKILL_NM, CREATE_TIME, CREATE_BY, UPDATE_TIME) VALUES(DEFAULT, 9, 106, 'その他', NOW(), 'System', NOW());
INSERT INTO SKILL_MST(SKILL_ID, INDUSTRY_ID, JOBTYPE_ID, SKILL_NM, CREATE_TIME, CREATE_BY, UPDATE_TIME) VALUES(DEFAULT, 9, 107, 'その他', NOW(), 'System', NOW());
INSERT INTO SKILL_MST(SKILL_ID, INDUSTRY_ID, JOBTYPE_ID, SKILL_NM, CREATE_TIME, CREATE_BY, UPDATE_TIME) VALUES(DEFAULT, 9, 108, 'その他', NOW(), 'System', NOW());
INSERT INTO SKILL_MST(SKILL_ID, INDUSTRY_ID, JOBTYPE_ID, SKILL_NM, CREATE_TIME, CREATE_BY, UPDATE_TIME) VALUES(DEFAULT, 9, 109, 'その他', NOW(), 'System', NOW());
INSERT INTO SKILL_MST(SKILL_ID, INDUSTRY_ID, JOBTYPE_ID, SKILL_NM, CREATE_TIME, CREATE_BY, UPDATE_TIME) VALUES(DEFAULT, 9, 110, 'その他', NOW(), 'System', NOW());
INSERT INTO SKILL_MST(SKILL_ID, INDUSTRY_ID, JOBTYPE_ID, SKILL_NM, CREATE_TIME, CREATE_BY, UPDATE_TIME) VALUES(DEFAULT, 9, 111, 'その他', NOW(), 'System', NOW());
INSERT INTO SKILL_MST(SKILL_ID, INDUSTRY_ID, JOBTYPE_ID, SKILL_NM, CREATE_TIME, CREATE_BY, UPDATE_TIME) VALUES(DEFAULT, 9, 112, 'その他', NOW(), 'System', NOW());
INSERT INTO SKILL_MST(SKILL_ID, INDUSTRY_ID, JOBTYPE_ID, SKILL_NM, CREATE_TIME, CREATE_BY, UPDATE_TIME) VALUES(DEFAULT, 9, 113, 'その他', NOW(), 'System', NOW());
INSERT INTO SKILL_MST(SKILL_ID, INDUSTRY_ID, JOBTYPE_ID, SKILL_NM, CREATE_TIME, CREATE_BY, UPDATE_TIME) VALUES(DEFAULT, 9, 114, 'その他', NOW(), 'System', NOW());
INSERT INTO SKILL_MST(SKILL_ID, INDUSTRY_ID, JOBTYPE_ID, SKILL_NM, CREATE_TIME, CREATE_BY, UPDATE_TIME) VALUES(DEFAULT, 9, 115, 'その他', NOW(), 'System', NOW());
INSERT INTO SKILL_MST(SKILL_ID, INDUSTRY_ID, JOBTYPE_ID, SKILL_NM, CREATE_TIME, CREATE_BY, UPDATE_TIME) VALUES(DEFAULT, 9, 116, 'その他', NOW(), 'System', NOW());
INSERT INTO SKILL_MST(SKILL_ID, INDUSTRY_ID, JOBTYPE_ID, SKILL_NM, CREATE_TIME, CREATE_BY, UPDATE_TIME) VALUES(DEFAULT, 9, 117, 'その他', NOW(), 'System', NOW());
INSERT INTO SKILL_MST(SKILL_ID, INDUSTRY_ID, JOBTYPE_ID, SKILL_NM, CREATE_TIME, CREATE_BY, UPDATE_TIME) VALUES(DEFAULT, 9, 118, 'その他', NOW(), 'System', NOW());
INSERT INTO SKILL_MST(SKILL_ID, INDUSTRY_ID, JOBTYPE_ID, SKILL_NM, CREATE_TIME, CREATE_BY, UPDATE_TIME) VALUES(DEFAULT, 9, 119, 'その他', NOW(), 'System', NOW());
INSERT INTO SKILL_MST(SKILL_ID, INDUSTRY_ID, JOBTYPE_ID, SKILL_NM, CREATE_TIME, CREATE_BY, UPDATE_TIME) VALUES(DEFAULT, 9, 120, 'その他', NOW(), 'System', NOW());
INSERT INTO SKILL_MST(SKILL_ID, INDUSTRY_ID, JOBTYPE_ID, SKILL_NM, CREATE_TIME, CREATE_BY, UPDATE_TIME) VALUES(DEFAULT, 10, 121, 'その他', NOW(), 'System', NOW());
INSERT INTO SKILL_MST(SKILL_ID, INDUSTRY_ID, JOBTYPE_ID, SKILL_NM, CREATE_TIME, CREATE_BY, UPDATE_TIME) VALUES(DEFAULT, 10, 122, 'その他', NOW(), 'System', NOW());
INSERT INTO SKILL_MST(SKILL_ID, INDUSTRY_ID, JOBTYPE_ID, SKILL_NM, CREATE_TIME, CREATE_BY, UPDATE_TIME) VALUES(DEFAULT, 10, 123, 'その他', NOW(), 'System', NOW());
INSERT INTO SKILL_MST(SKILL_ID, INDUSTRY_ID, JOBTYPE_ID, SKILL_NM, CREATE_TIME, CREATE_BY, UPDATE_TIME) VALUES(DEFAULT, 10, 124, 'その他', NOW(), 'System', NOW());
INSERT INTO SKILL_MST(SKILL_ID, INDUSTRY_ID, JOBTYPE_ID, SKILL_NM, CREATE_TIME, CREATE_BY, UPDATE_TIME) VALUES(DEFAULT, 10, 125, 'その他', NOW(), 'System', NOW());
INSERT INTO SKILL_MST(SKILL_ID, INDUSTRY_ID, JOBTYPE_ID, SKILL_NM, CREATE_TIME, CREATE_BY, UPDATE_TIME) VALUES(DEFAULT, 10, 126, 'その他', NOW(), 'System', NOW());
INSERT INTO SKILL_MST(SKILL_ID, INDUSTRY_ID, JOBTYPE_ID, SKILL_NM, CREATE_TIME, CREATE_BY, UPDATE_TIME) VALUES(DEFAULT, 10, 127, 'その他', NOW(), 'System', NOW());
INSERT INTO SKILL_MST(SKILL_ID, INDUSTRY_ID, JOBTYPE_ID, SKILL_NM, CREATE_TIME, CREATE_BY, UPDATE_TIME) VALUES(DEFAULT, 10, 128, 'その他', NOW(), 'System', NOW());
INSERT INTO SKILL_MST(SKILL_ID, INDUSTRY_ID, JOBTYPE_ID, SKILL_NM, CREATE_TIME, CREATE_BY, UPDATE_TIME) VALUES(DEFAULT, 10, 129, 'その他', NOW(), 'System', NOW());
INSERT INTO SKILL_MST(SKILL_ID, INDUSTRY_ID, JOBTYPE_ID, SKILL_NM, CREATE_TIME, CREATE_BY, UPDATE_TIME) VALUES(DEFAULT, 10, 130, 'その他', NOW(), 'System', NOW());
INSERT INTO SKILL_MST(SKILL_ID, INDUSTRY_ID, JOBTYPE_ID, SKILL_NM, CREATE_TIME, CREATE_BY, UPDATE_TIME) VALUES(DEFAULT, 10, 131, 'その他', NOW(), 'System', NOW());
INSERT INTO SKILL_MST(SKILL_ID, INDUSTRY_ID, JOBTYPE_ID, SKILL_NM, CREATE_TIME, CREATE_BY, UPDATE_TIME) VALUES(DEFAULT, 10, 132, 'その他', NOW(), 'System', NOW());
INSERT INTO SKILL_MST(SKILL_ID, INDUSTRY_ID, JOBTYPE_ID, SKILL_NM, CREATE_TIME, CREATE_BY, UPDATE_TIME) VALUES(DEFAULT, 11, 133, 'その他', NOW(), 'System', NOW());
INSERT INTO SKILL_MST(SKILL_ID, INDUSTRY_ID, JOBTYPE_ID, SKILL_NM, CREATE_TIME, CREATE_BY, UPDATE_TIME) VALUES(DEFAULT, 11, 134, 'その他', NOW(), 'System', NOW());
INSERT INTO SKILL_MST(SKILL_ID, INDUSTRY_ID, JOBTYPE_ID, SKILL_NM, CREATE_TIME, CREATE_BY, UPDATE_TIME) VALUES(DEFAULT, 11, 135, 'その他', NOW(), 'System', NOW());
INSERT INTO SKILL_MST(SKILL_ID, INDUSTRY_ID, JOBTYPE_ID, SKILL_NM, CREATE_TIME, CREATE_BY, UPDATE_TIME) VALUES(DEFAULT, 11, 136, 'その他', NOW(), 'System', NOW());
INSERT INTO SKILL_MST(SKILL_ID, INDUSTRY_ID, JOBTYPE_ID, SKILL_NM, CREATE_TIME, CREATE_BY, UPDATE_TIME) VALUES(DEFAULT, 11, 137, 'その他', NOW(), 'System', NOW());
INSERT INTO SKILL_MST(SKILL_ID, INDUSTRY_ID, JOBTYPE_ID, SKILL_NM, CREATE_TIME, CREATE_BY, UPDATE_TIME) VALUES(DEFAULT, 11, 138, 'その他', NOW(), 'System', NOW());
INSERT INTO SKILL_MST(SKILL_ID, INDUSTRY_ID, JOBTYPE_ID, SKILL_NM, CREATE_TIME, CREATE_BY, UPDATE_TIME) VALUES(DEFAULT, 11, 139, 'その他', NOW(), 'System', NOW());
INSERT INTO SKILL_MST(SKILL_ID, INDUSTRY_ID, JOBTYPE_ID, SKILL_NM, CREATE_TIME, CREATE_BY, UPDATE_TIME) VALUES(DEFAULT, 11, 140, 'その他', NOW(), 'System', NOW());
INSERT INTO SKILL_MST(SKILL_ID, INDUSTRY_ID, JOBTYPE_ID, SKILL_NM, CREATE_TIME, CREATE_BY, UPDATE_TIME) VALUES(DEFAULT, 11, 141, 'その他', NOW(), 'System', NOW());
INSERT INTO SKILL_MST(SKILL_ID, INDUSTRY_ID, JOBTYPE_ID, SKILL_NM, CREATE_TIME, CREATE_BY, UPDATE_TIME) VALUES(DEFAULT, 11, 142, 'その他', NOW(), 'System', NOW());
INSERT INTO SKILL_MST(SKILL_ID, INDUSTRY_ID, JOBTYPE_ID, SKILL_NM, CREATE_TIME, CREATE_BY, UPDATE_TIME) VALUES(DEFAULT, 11, 143, 'その他', NOW(), 'System', NOW());
INSERT INTO SKILL_MST(SKILL_ID, INDUSTRY_ID, JOBTYPE_ID, SKILL_NM, CREATE_TIME, CREATE_BY, UPDATE_TIME) VALUES(DEFAULT, 11, 144, 'その他', NOW(), 'System', NOW());
INSERT INTO SKILL_MST(SKILL_ID, INDUSTRY_ID, JOBTYPE_ID, SKILL_NM, CREATE_TIME, CREATE_BY, UPDATE_TIME) VALUES(DEFAULT, 11, 145, 'その他', NOW(), 'System', NOW());
INSERT INTO SKILL_MST(SKILL_ID, INDUSTRY_ID, JOBTYPE_ID, SKILL_NM, CREATE_TIME, CREATE_BY, UPDATE_TIME) VALUES(DEFAULT, 11, 146, 'その他', NOW(), 'System', NOW());
INSERT INTO SKILL_MST(SKILL_ID, INDUSTRY_ID, JOBTYPE_ID, SKILL_NM, CREATE_TIME, CREATE_BY, UPDATE_TIME) VALUES(DEFAULT, 12, 147, 'その他', NOW(), 'System', NOW());
INSERT INTO SKILL_MST(SKILL_ID, INDUSTRY_ID, JOBTYPE_ID, SKILL_NM, CREATE_TIME, CREATE_BY, UPDATE_TIME) VALUES(DEFAULT, 12, 148, 'その他', NOW(), 'System', NOW());
INSERT INTO SKILL_MST(SKILL_ID, INDUSTRY_ID, JOBTYPE_ID, SKILL_NM, CREATE_TIME, CREATE_BY, UPDATE_TIME) VALUES(DEFAULT, 12, 149, 'その他', NOW(), 'System', NOW());
INSERT INTO SKILL_MST(SKILL_ID, INDUSTRY_ID, JOBTYPE_ID, SKILL_NM, CREATE_TIME, CREATE_BY, UPDATE_TIME) VALUES(DEFAULT, 12, 150, 'その他', NOW(), 'System', NOW());
INSERT INTO SKILL_MST(SKILL_ID, INDUSTRY_ID, JOBTYPE_ID, SKILL_NM, CREATE_TIME, CREATE_BY, UPDATE_TIME) VALUES(DEFAULT, 13, 151, 'その他', NOW(), 'System', NOW());
INSERT INTO SKILL_MST(SKILL_ID, INDUSTRY_ID, JOBTYPE_ID, SKILL_NM, CREATE_TIME, CREATE_BY, UPDATE_TIME) VALUES(DEFAULT, 13, 152, 'その他', NOW(), 'System', NOW());
INSERT INTO SKILL_MST(SKILL_ID, INDUSTRY_ID, JOBTYPE_ID, SKILL_NM, CREATE_TIME, CREATE_BY, UPDATE_TIME) VALUES(DEFAULT, 13, 153, 'その他', NOW(), 'System', NOW());
INSERT INTO SKILL_MST(SKILL_ID, INDUSTRY_ID, JOBTYPE_ID, SKILL_NM, CREATE_TIME, CREATE_BY, UPDATE_TIME) VALUES(DEFAULT, 13, 154, 'その他', NOW(), 'System', NOW());
INSERT INTO SKILL_MST(SKILL_ID, INDUSTRY_ID, JOBTYPE_ID, SKILL_NM, CREATE_TIME, CREATE_BY, UPDATE_TIME) VALUES(DEFAULT, 13, 155, 'その他', NOW(), 'System', NOW());
INSERT INTO SKILL_MST(SKILL_ID, INDUSTRY_ID, JOBTYPE_ID, SKILL_NM, CREATE_TIME, CREATE_BY, UPDATE_TIME) VALUES(DEFAULT, 13, 156, 'その他', NOW(), 'System', NOW());
INSERT INTO SKILL_MST(SKILL_ID, INDUSTRY_ID, JOBTYPE_ID, SKILL_NM, CREATE_TIME, CREATE_BY, UPDATE_TIME) VALUES(DEFAULT, 13, 157, 'その他', NOW(), 'System', NOW());
INSERT INTO SKILL_MST(SKILL_ID, INDUSTRY_ID, JOBTYPE_ID, SKILL_NM, CREATE_TIME, CREATE_BY, UPDATE_TIME) VALUES(DEFAULT, 13, 158, 'その他', NOW(), 'System', NOW());
INSERT INTO SKILL_MST(SKILL_ID, INDUSTRY_ID, JOBTYPE_ID, SKILL_NM, CREATE_TIME, CREATE_BY, UPDATE_TIME) VALUES(DEFAULT, 13, 159, 'その他', NOW(), 'System', NOW());
INSERT INTO SKILL_MST(SKILL_ID, INDUSTRY_ID, JOBTYPE_ID, SKILL_NM, CREATE_TIME, CREATE_BY, UPDATE_TIME) VALUES(DEFAULT, 14, 160, 'その他', NOW(), 'System', NOW());
INSERT INTO SKILL_MST(SKILL_ID, INDUSTRY_ID, JOBTYPE_ID, SKILL_NM, CREATE_TIME, CREATE_BY, UPDATE_TIME) VALUES(DEFAULT, 14, 161, 'その他', NOW(), 'System', NOW());
INSERT INTO SKILL_MST(SKILL_ID, INDUSTRY_ID, JOBTYPE_ID, SKILL_NM, CREATE_TIME, CREATE_BY, UPDATE_TIME) VALUES(DEFAULT, 14, 162, 'その他', NOW(), 'System', NOW());
INSERT INTO SKILL_MST(SKILL_ID, INDUSTRY_ID, JOBTYPE_ID, SKILL_NM, CREATE_TIME, CREATE_BY, UPDATE_TIME) VALUES(DEFAULT, 14, 163, 'その他', NOW(), 'System', NOW());
INSERT INTO SKILL_MST(SKILL_ID, INDUSTRY_ID, JOBTYPE_ID, SKILL_NM, CREATE_TIME, CREATE_BY, UPDATE_TIME) VALUES(DEFAULT, 14, 164, 'その他', NOW(), 'System', NOW());
INSERT INTO SKILL_MST(SKILL_ID, INDUSTRY_ID, JOBTYPE_ID, SKILL_NM, CREATE_TIME, CREATE_BY, UPDATE_TIME) VALUES(DEFAULT, 14, 165, 'その他', NOW(), 'System', NOW());
INSERT INTO SKILL_MST(SKILL_ID, INDUSTRY_ID, JOBTYPE_ID, SKILL_NM, CREATE_TIME, CREATE_BY, UPDATE_TIME) VALUES(DEFAULT, 14, 166, 'その他', NOW(), 'System', NOW());
INSERT INTO SKILL_MST(SKILL_ID, INDUSTRY_ID, JOBTYPE_ID, SKILL_NM, CREATE_TIME, CREATE_BY, UPDATE_TIME) VALUES(DEFAULT, 14, 167, 'その他', NOW(), 'System', NOW());
INSERT INTO SKILL_MST(SKILL_ID, INDUSTRY_ID, JOBTYPE_ID, SKILL_NM, CREATE_TIME, CREATE_BY, UPDATE_TIME) VALUES(DEFAULT, 14, 168, 'その他', NOW(), 'System', NOW());
INSERT INTO SKILL_MST(SKILL_ID, INDUSTRY_ID, JOBTYPE_ID, SKILL_NM, CREATE_TIME, CREATE_BY, UPDATE_TIME) VALUES(DEFAULT, 14, 169, 'その他', NOW(), 'System', NOW());
INSERT INTO SKILL_MST(SKILL_ID, INDUSTRY_ID, JOBTYPE_ID, SKILL_NM, CREATE_TIME, CREATE_BY, UPDATE_TIME) VALUES(DEFAULT, 14, 170, 'その他', NOW(), 'System', NOW());
INSERT INTO SKILL_MST(SKILL_ID, INDUSTRY_ID, JOBTYPE_ID, SKILL_NM, CREATE_TIME, CREATE_BY, UPDATE_TIME) VALUES(DEFAULT, 14, 171, 'その他', NOW(), 'System', NOW());
INSERT INTO SKILL_MST(SKILL_ID, INDUSTRY_ID, JOBTYPE_ID, SKILL_NM, CREATE_TIME, CREATE_BY, UPDATE_TIME) VALUES(DEFAULT, 14, 172, 'その他', NOW(), 'System', NOW());
INSERT INTO SKILL_MST(SKILL_ID, INDUSTRY_ID, JOBTYPE_ID, SKILL_NM, CREATE_TIME, CREATE_BY, UPDATE_TIME) VALUES(DEFAULT, 14, 173, 'その他', NOW(), 'System', NOW());
INSERT INTO SKILL_MST(SKILL_ID, INDUSTRY_ID, JOBTYPE_ID, SKILL_NM, CREATE_TIME, CREATE_BY, UPDATE_TIME) VALUES(DEFAULT, 15, 174, 'その他', NOW(), 'System', NOW());
INSERT INTO SKILL_MST(SKILL_ID, INDUSTRY_ID, JOBTYPE_ID, SKILL_NM, CREATE_TIME, CREATE_BY, UPDATE_TIME) VALUES(DEFAULT, 15, 175, 'その他', NOW(), 'System', NOW());
INSERT INTO SKILL_MST(SKILL_ID, INDUSTRY_ID, JOBTYPE_ID, SKILL_NM, CREATE_TIME, CREATE_BY, UPDATE_TIME) VALUES(DEFAULT, 15, 176, 'その他', NOW(), 'System', NOW());
INSERT INTO SKILL_MST(SKILL_ID, INDUSTRY_ID, JOBTYPE_ID, SKILL_NM, CREATE_TIME, CREATE_BY, UPDATE_TIME) VALUES(DEFAULT, 15, 177, 'その他', NOW(), 'System', NOW());
INSERT INTO SKILL_MST(SKILL_ID, INDUSTRY_ID, JOBTYPE_ID, SKILL_NM, CREATE_TIME, CREATE_BY, UPDATE_TIME) VALUES(DEFAULT, 15, 178, 'その他', NOW(), 'System', NOW());
INSERT INTO SKILL_MST(SKILL_ID, INDUSTRY_ID, JOBTYPE_ID, SKILL_NM, CREATE_TIME, CREATE_BY, UPDATE_TIME) VALUES(DEFAULT, 15, 179, 'その他', NOW(), 'System', NOW());
INSERT INTO SKILL_MST(SKILL_ID, INDUSTRY_ID, JOBTYPE_ID, SKILL_NM, CREATE_TIME, CREATE_BY, UPDATE_TIME) VALUES(DEFAULT, 15, 180, 'その他', NOW(), 'System', NOW());
INSERT INTO SKILL_MST(SKILL_ID, INDUSTRY_ID, JOBTYPE_ID, SKILL_NM, CREATE_TIME, CREATE_BY, UPDATE_TIME) VALUES(DEFAULT, 15, 181, 'その他', NOW(), 'System', NOW());
INSERT INTO SKILL_MST(SKILL_ID, INDUSTRY_ID, JOBTYPE_ID, SKILL_NM, CREATE_TIME, CREATE_BY, UPDATE_TIME) VALUES(DEFAULT, 15, 182, 'その他', NOW(), 'System', NOW());